<ESBConfig>
	<EMSConfiguration>
		 <EMSProperties>emsconfig.properties</EMSProperties> <!-- DO NOT EDIT -->

		 <!-- For the following replace the destination names with the specific ones asigned to your application -->
		 <!-- DO NOT edit the jmstype and esbtype attributes -->
		 <Destination jmstype="TOPIC" esbtype="OUT" name="FNM.E64.CI000000018914034.ENTERPRISECONTENTEXCHANGEPORTAL-ECEP.POC.V1.OUT.MT1"/>
		 <Destination jmstype="QUEUE" esbtype="SUBSCRIBED.IN" name="FNM.E64.CI000000018914034.ENTERPRISECONTENTEXCHANGEPORTAL-ECEP.POC.V1.SUBSCRIBED.IN"/>
		 <Destination jmstype="QUEUE" esbtype="SUSPEND" name="FNM.E64.CI000000018914034.ENTERPRISECONTENTEXCHANGEPORTAL-ECEP.POC.V1.SUSPEND"/>
		 <Destination jmstype="QUEUE" esbtype="SYNCRESPONSE.IN" name="FNM.E64.CI000000018914034.ENTERPRISECONTENTEXCHANGEPORTAL-ECEP.POC.V1.SYNCRESPONSE.IN"/>
		 <Destination jmstype="TOPIC" esbtype="NOTIFY" name="FNM.E64.CI000000018914034.ENTERPRISECONTENTEXCHANGEPORTAL-ECEP.POC.V1.NOTIFY"/>

		 <CompressionEnabled>true</CompressionEnabled><!-- DO NOT EDIT -->
		 <CompressionThreshold>0</CompressionThreshold><!-- DO NOT EDIT -->

		<!-- Use this parameter if not feeding the instance through the EDQESBClient constructor -->
		 <!--<ClientCredentialsClass>com.fanniemae.enterprise.data.adapter.ClientCredentials</ClientCredentialsClass>--><!-- DO NOT EDIT -->
		<ClientCredentialsClass>com.fanniemae.enterprise.data.adapter.ClientCredentials</ClientCredentialsClass>	
	</EMSConfiguration>
	<EventConfiguration>
		  <Producer>ADS</Producer> <!-- Add the name of the producing system e.g. SIR, FDW, MRP etc. -->
		  <ApplicationId>A8LDEVL</ApplicationId> <!-- E.g. zedevl, bqztest etc. - make sure the right values are added for each environment -->
		  <InitiatingUserId>A8LDEVL</InitiatingUserId> <!-- Set this value same as above -->
		  <AuthorizationSource>N/A</AuthorizationSource> <!-- DO NOT EDIT -->
	</EventConfiguration>
</ESBConfig>  	
