<?xml version="1.0" encoding="UTF-8"?>
<AdapterProcessConfiguration xsi:schemaLocation="http://www.fanniemae.com/enterprisedata/datawarehouse/esb/adapter/v1.x AdapterProcessConfig.xsd" xmlns="http://www.fanniemae.com/enterprisedata/datawarehouse/esb/adapter/v1.x" xmlns:xsi="http://www.w3.org/2001/XMLSchema-instance">
	<EventListenerConfiguration>
		<ListenerCount>1</ListenerCount>
		<TerminateFlagDirectory>/appl/a8ldevl/util/ESBCONSUMER/data/messagelanding</TerminateFlagDirectory>
	</EventListenerConfiguration>

	<!-- 
	For each event/entity pair subscribed to by the system configure an <EventProcessor> entry.
	The application id running the process must have read write access to the
	directories indicated as landing and staging
	The mandatory and optional attributes are indicated below
	-->
	<EventProcessor>
		<EventName>CMMPrototype</EventName> <!--mandatory-->
		<EntityName>CMMPilot_ADSToEDI_CASH</EntityName> <!--mandaotory-->
		<LandingDestination>/appl/a8ldevl/util/ESBCONSUMER/data/messagelanding</LandingDestination> <!--mandatory--> 
		<StagingDestination>/appl/a8ldevl/ESBMessages/Incoming</StagingDestination><!--mandatory --> 
		<FileNameDateAppendFlag>true</FileNameDateAppendFlag> <!-- optional - defaults to false - if true, uses the date in the file name -->
		<FileNameTimeStampAppendFlag>true</FileNameTimeStampAppendFlag> <!-- optional - defaults to false - if true, uses the timestamp in the file name -->
		<PersistPayloadOnly>false</PersistPayloadOnly> <!--optional - defaults to false to persist entire message with metadata -->
		<FileExtension>txt</FileExtension> <!-- optional - defaults to no extension -->
	</EventProcessor>

	<EventProcessor>
		<EventName>CMMPrototype</EventName> <!--mandatory-->
		<EntityName>CMMPilot_ADSToEDI_POOL</EntityName> <!--mandaotory-->
		<LandingDestination>/appl/a8ldevl/util/ESBCONSUMER/data/messagelanding</LandingDestination> <!--mandatory--> 
		<StagingDestination>/appl/a8ldevl/ESBMessages/Incoming</StagingDestination><!--mandatory --> 
		<FileNameDateAppendFlag>true</FileNameDateAppendFlag> <!-- optional - defaults to false - if true, uses the date in the file name -->
		<FileNameTimeStampAppendFlag>true</FileNameTimeStampAppendFlag> <!-- optional - defaults to false - if true, uses the timestamp in the file name -->
		<PersistPayloadOnly>false</PersistPayloadOnly> <!--optional - defaults to false to persist entire message with metadata -->
		<FileExtension>txt</FileExtension> <!-- optional - defaults to no extension -->
	</EventProcessor>

	<EventProcessor>
		<EventName>CMMPrototype</EventName> <!--mandatory-->
		<EntityName>CMMPilot_LDNGToADS</EntityName> <!--mandaotory-->
		<LandingDestination>/appl/a8ldevl/util/ESBCONSUMER/data/messagelanding</LandingDestination> <!--mandatory--> 
		<StagingDestination>/appl/a8ldevl/ESBMessages/Incoming</StagingDestination><!--mandatory --> 
		<FileNameDateAppendFlag>true</FileNameDateAppendFlag> <!-- optional - defaults to false - if true, uses the date in the file name -->
		<FileNameTimeStampAppendFlag>true</FileNameTimeStampAppendFlag> <!-- optional - defaults to false - if true, uses the timestamp in the file name -->
		<PersistPayloadOnly>false</PersistPayloadOnly> <!--optional - defaults to false to persist entire message with metadata -->
		<FileExtension>txt</FileExtension> <!-- optional - defaults to no extension -->
	</EventProcessor>

	<EventProcessor>
		<EventName>CMMPrototype</EventName> <!--mandatory-->
		<EntityName>CMMPilot_EDIToCMH</EntityName> <!--mandaotory-->
		<LandingDestination>/appl/a8ldevl/util/ESBCONSUMER/data/messagelanding</LandingDestination> <!--mandatory--> 
		<StagingDestination>/appl/a8ldevl/ESBMessages/Incoming</StagingDestination><!--mandatory --> 
		<FileNameDateAppendFlag>true</FileNameDateAppendFlag> <!-- optional - defaults to false - if true, uses the date in the file name -->
		<FileNameTimeStampAppendFlag>true</FileNameTimeStampAppendFlag> <!-- optional - defaults to false - if true, uses the timestamp in the file name -->
		<PersistPayloadOnly>false</PersistPayloadOnly> <!--optional - defaults to false to persist entire message with metadata -->
		<FileExtension>txt</FileExtension> <!-- optional - defaults to no extension -->
	</EventProcessor>

	<EventProcessor>
		<EventName>CMMPrototype</EventName> <!--mandatory-->
		<EntityName>CMMPilot_MBSToEDI_EVENT1</EntityName> <!--mandaotory-->
		<LandingDestination>/appl/a8ldevl/util/ESBCONSUMER/data/messagelanding</LandingDestination> <!--mandatory--> 
		<StagingDestination>/appl/a8ldevl/ESBMessages/Incoming</StagingDestination><!--mandatory --> 
		<FileNameDateAppendFlag>true</FileNameDateAppendFlag> <!-- optional - defaults to false - if true, uses the date in the file name -->
		<FileNameTimeStampAppendFlag>true</FileNameTimeStampAppendFlag> <!-- optional - defaults to false - if true, uses the timestamp in the file name -->
		<PersistPayloadOnly>false</PersistPayloadOnly> <!--optional - defaults to false to persist entire message with metadata -->
		<FileExtension>txt</FileExtension> <!-- optional - defaults to no extension -->
	</EventProcessor>

	<EventProcessor>
		<EventName>CMMPrototype</EventName> <!--mandatory-->
		<EntityName>CMMPilot_MBSToEDI_EVENT2</EntityName> <!--mandaotory-->
		<LandingDestination>/appl/a8ldevl/util/ESBCONSUMER/data/messagelanding</LandingDestination> <!--mandatory--> 
		<StagingDestination>/appl/a8ldevl/ESBMessages/Incoming</StagingDestination><!--mandatory --> 
		<FileNameDateAppendFlag>true</FileNameDateAppendFlag> <!-- optional - defaults to false - if true, uses the date in the file name -->
		<FileNameTimeStampAppendFlag>true</FileNameTimeStampAppendFlag> <!-- optional - defaults to false - if true, uses the timestamp in the file name -->
		<PersistPayloadOnly>false</PersistPayloadOnly> <!--optional - defaults to false to persist entire message with metadata -->
		<FileExtension>txt</FileExtension> <!-- optional - defaults to no extension -->
	</EventProcessor>

	<EventProcessor>
		<EventName>CMMPrototype</EventName> <!--mandatory-->
		<EntityName>CMMPilot_MBSToEDI_EVENT3</EntityName> <!--mandaotory-->
		<LandingDestination>/appl/a8ldevl/util/ESBCONSUMER/data/messagelanding</LandingDestination> <!--mandatory--> 
		<StagingDestination>/appl/a8ldevl/ESBMessages/Incoming</StagingDestination><!--mandatory --> 
		<FileNameDateAppendFlag>true</FileNameDateAppendFlag> <!-- optional - defaults to false - if true, uses the date in the file name -->
		<FileNameTimeStampAppendFlag>true</FileNameTimeStampAppendFlag> <!-- optional - defaults to false - if true, uses the timestamp in the file name -->
		<PersistPayloadOnly>false</PersistPayloadOnly> <!--optional - defaults to false to persist entire message with metadata -->
		<FileExtension>txt</FileExtension> <!-- optional - defaults to no extension -->
	</EventProcessor>
        	<EventProcessor>
		<EventName>Acquisition</EventName> <!--mandatory-->
		<EntityName>MBS</EntityName> <!--mandaotory-->
		<LandingDestination>/appl/a8ldevl/util/ESBCONSUMER/data/messagelanding</LandingDestination> <!--mandatory--> 
		<StagingDestination>/appl/a8ldevl/ESBMessages/Incoming</StagingDestination><!--mandatory --> 
		<FileNameDateAppendFlag>true</FileNameDateAppendFlag> <!-- optional - defaults to false - if true, uses the date in the file name -->
		<FileNameTimeStampAppendFlag>true</FileNameTimeStampAppendFlag> <!-- optional - defaults to false - if true, uses the timestamp in the file name -->
		<PersistPayloadOnly>false</PersistPayloadOnly> <!--optional - defaults to false to persist entire message with metadata -->
		<FileExtension>txt</FileExtension> <!-- optional - defaults to no extension -->
	</EventProcessor>
	<EventProcessor>
		<EventName>Acquisition</EventName> <!--mandatory-->
		<EntityName>CASH</EntityName> <!--mandaotory-->
		<LandingDestination>/appl/a8ldevl/util/ESBCONSUMER/data/messagelanding</LandingDestination> <!--mandatory--> 
		<StagingDestination>/appl/a8ldevl/ESBMessages/Incoming</StagingDestination><!--mandatory --> 
		<FileNameDateAppendFlag>true</FileNameDateAppendFlag> <!-- optional - defaults to false - if true, uses the date in the file name -->
		<FileNameTimeStampAppendFlag>true</FileNameTimeStampAppendFlag> <!-- optional - defaults to false - if true, uses the timestamp in the file name -->
		<PersistPayloadOnly>false</PersistPayloadOnly> <!--optional - defaults to false to persist entire message with metadata -->
		<FileExtension>txt</FileExtension> <!-- optional - defaults to no extension -->
	</EventProcessor>	
</AdapterProcessConfiguration>

